{
  "Cabecera":"a10",
  "ImagenAnverso": "https://www.bcb.gob.bo/webdocs/nfb/billetes/images/10000/anverso10000.jpg",
  "ImagenReverso": "https://www.bcb.gob.bo/webdocs/nfb/billetes/images/10000/reverso10000.jpg",
  "ImagenAnversoUV": "a10uv",
  "ImagenReversoUV": "r10uv",
  "AssetsAnverso": false,
  "AssetsReverso": false,
  "AssetsAnversoUV": true,
  "AssetsReversoUV": true,

  "MedidasDeSeguridad":[
    {
      "Caracteristica":"MIRE",
      "Detalle":"MARCADEAGUA",
      "Posicion":"ANVERSO",
      "IdString":"a10Mire1",
      "VerticalBias":700,
      "HorizontalBias":400,
      "Habilitado":true,
      "Imagen":"a10M1",
      "Gif":false,
      "ImagenUrl": "https://www.bcb.gob.bo/webdocs/nfb/billetes/images/10000/10_01mir_mag.jpg",
      "Assets": false
    },
    {
      "Caracteristica":"MIRE",
      "Detalle":"MOTIVOCOINCIDENTE",
      "Posicion":"ANVERSO",
      "IdString":"a10Mire2",
      "VerticalBias":930,
      "HorizontalBias":330,
      "Habilitado":true,
      "Imagen":"a10M2",
      "Gif":false,
      "ImagenUrl": "https://www.bcb.gob.bo/webdocs/nfb/billetes/images/10000/10_03mir_mot_coi.jpg",
      "Assets": false
    },
    {
      "Caracteristica":"MIRE",
      "Detalle":"FIBRILLAS",
      "Posicion":"ANVERSO",
      "IdString":"a10Mire3",
      "VerticalBias":445,
      "HorizontalBias":580,
      "Habilitado":true,
      "Imagen":"a10M3",
      "Gif":false,
      "ImagenUrl": "",
      "Assets": true
    },

    {
      "Caracteristica":"TOQUE",
      "Detalle":"ALTORELIEVE",
      "Posicion":"ANVERSO",
      "IdString":"a10Toque1",
      "VerticalBias":425,
      "HorizontalBias":410,
      "Habilitado":true,
      "Imagen":"a10T1",
      "Gif":false,
      "ImagenUrl": "",
      "Assets": true
    },
    {
      "Caracteristica":"TOQUE",
      "Detalle":"ALTORELIEVE",
      "Posicion":"ANVERSO",
      "IdString":"a10Toque1",
      "VerticalBias":181,
      "HorizontalBias":1261,
      "Habilitado":false,
      "Imagen":"a10T2",
      "Gif":false,
      "ImagenUrl": "",
      "Assets": true
    },
    {
      "Caracteristica":"TOQUE",
      "Detalle":"ALTORELIEVE",
      "Posicion":"ANVERSO",
      "IdString":"a10Toque2",
      "VerticalBias":541,
      "HorizontalBias":2277,
      "Habilitado":true,
      "Imagen":"a10T3",
      "Gif":false,
      "ImagenUrl": "",
      "Assets": true
    },
    {
      "Caracteristica":"INCLINE",
      "Detalle":"IMAGENLATENTE",
      "Posicion":"ANVERSO",
      "IdString":"a10Incline1",
      "VerticalBias":1100,
      "HorizontalBias":1615,
      "Habilitado":true,
      "Imagen":"a10I12;a10I11;a10I11;a10I12",
      "Gif":true,
      "ImagenUrl": "https://www.bcb.gob.bo/webdocs/nfb/billetes/images/10000/10_01inc_ima_lat.jpg",
      "Assets": false
    }
  ,
    {
      "Caracteristica":"MIREUV",
      "Detalle":"FLUORESCENCIA",
      "Posicion":"ANVERSO",
      "IdString":"a10Mireuv1",
      "VerticalBias":670,
      "HorizontalBias":670,
      "Habilitado":true,
      "Imagen":"a10UV1",
      "Gif":false,
      "ImagenUrl": "",
      "Assets": true
    }
  ,
    {
      "Caracteristica":"DETALLESARTISTICOS",
      "Detalle":"PERSONAJE",
      "Posicion":"ANVERSO",
      "IdString":"a10Arte1",
      "VerticalBias":670,
      "HorizontalBias":2335,
      "Habilitado":true,
      "Imagen":"a10A1",
      "Gif":false,
      "ImagenUrl": "",
      "Assets": true
    },
    {
      "Caracteristica":"MIRE",
      "Detalle":"MOTIVOCOINCIDENTE",
      "Posicion":"REVERSO",
      "IdString":"a10Mire2",
      "VerticalBias":930,
      "HorizontalBias":2450,
      "Habilitado":true,
      "Imagen":"r10M1",
      "Gif":false,
      "ImagenUrl": "https://www.bcb.gob.bo/webdocs/nfb/billetes/images/10000/10_03mir_mot_coi.jpg",
      "Assets": false
    },
    {
      "Caracteristica":"MIRE",
      "Detalle":"MARCADEAGUA",
      "Posicion":"REVERSO",
      "IdString":"a10Mire1",
      "VerticalBias":700,
      "HorizontalBias":2400,
      "Habilitado":true,
      "Imagen":"r10M2",
      "Gif":false,
      "ImagenUrl": "https://www.bcb.gob.bo/webdocs/nfb/billetes/images/10000/10_01mir_mag.jpg",
      "Assets": false
    },
    {
      "Caracteristica":"MIRE",
      "Detalle":"FIBRILLAS",
      "Posicion":"REVERSO",
      "IdString":"a10Mire3",
      "VerticalBias":450,
      "HorizontalBias":2200,
      "Habilitado":true,
      "Imagen":"a10M3",
      "Gif":false,
      "ImagenUrl": "",
      "Assets": true
    },
    {
      "Caracteristica":"TOQUE",
      "Detalle":"ALTORELIEVE",
      "Posicion":"REVERSO",
      "IdString":"r10Toque1",
      "VerticalBias":725,
      "HorizontalBias":1000,
      "Habilitado":true,
      "Imagen":"r10T1",
      "Gif":false,
      "ImagenUrl": "",
      "Assets": true
    },
    {
      "Caracteristica":"MIREUV",
      "Detalle":"FLUORESCENCIA",
      "Posicion":"REVERSO",
      "IdString":"r10Mireuv1",
      "VerticalBias":670,
      "HorizontalBias":670,
      "Habilitado":true,
      "Imagen":"r10UV1",
      "Gif":false,
      "ImagenUrl": "",
      "Assets": true
    }
  ,
    {
      "Caracteristica":"DETALLESARTISTICOS",
      "Detalle":"CIUDAD",
      "Posicion":"REVERSO",
      "IdString":"r10Arte1",
      "VerticalBias":880,
      "HorizontalBias":720,
      "Habilitado":true,
      "Imagen":"r10A1",
      "Gif":false,
      "ImagenUrl": "",
      "Assets": true
    }
  ]
}