{
  "Cabecera":"a100",
  "ImagenAnverso": "https://www.bcb.gob.bo/webdocs/nfb/billetes/images/100000/anverso100000.jpg",
  "ImagenReverso": "https://www.bcb.gob.bo/webdocs/nfb/billetes/images/100000/reverso100000.jpg",
  "ImagenAnversoUV": "a100uv",
  "ImagenReversoUV": "r100uv",
  "AssetsAnverso": false,
  "AssetsReverso": false,
  "AssetsAnversoUV": true,
  "AssetsReversoUV": true,

  "MedidasDeSeguridad":[
    {
      "Caracteristica":"MIRE",
      "Detalle":"FIBRILLAS",
      "Posicion":"ANVERSO",
      "IdString":"a100Mire1",
      "VerticalBias":330,
      "HorizontalBias":620,
      "Habilitado":true,
      "Imagen":"a100M1",
      "Gif":false,
      "ImagenUrl": "",
      "Assets": true
    },
    {
      "Caracteristica":"MIRE",
      "Detalle":"MARCADEAGUA",
      "Posicion":"ANVERSO",
      "IdString":"a100Mire2",
      "VerticalBias":650,
      "HorizontalBias":450,
      "Habilitado":true,
      "Imagen":"a100M2",
      "Gif":false,
      "ImagenUrl": "https://www.bcb.gob.bo/webdocs/nfb/billetes/images/100000/100_01mir_mag.jpg",
      "Assets": false
    },
    {
      "Caracteristica":"MIRE",
      "Detalle":"MOTIVOCOINCIDENTE",
      "Posicion":"ANVERSO",
      "IdString":"a100Mire3",
      "VerticalBias":920,
      "HorizontalBias":300,
      "Habilitado":true,
      "Imagen":"a100M3",
      "Gif":false,
      "ImagenUrl": "https://www.bcb.gob.bo/webdocs/nfb/billetes/images/100000/100_03mir_mot_coi.jpg",
      "Assets": false
    },
    {
      "Caracteristica":"TOQUE",
      "Detalle":"ALTORELIEVE",
      "Posicion":"ANVERSO",
      "IdString":"a100Toque1",
      "VerticalBias":340,
      "HorizontalBias":370,
      "Habilitado":true,
      "Imagen":"a100T1",
      "Gif":false,
      "ImagenUrl": "",
      "Assets": true
    },
    {
      "Caracteristica":"TOQUE",
      "Detalle":"ALTORELIEVE",
      "Posicion":"ANVERSO",
      "IdString":"a100Toque2",
      "VerticalBias":223,
      "HorizontalBias":2393,
      "Habilitado":true,
      "Imagen":"a100T2",
      "Gif":false,
      "ImagenUrl": "",
      "Assets": true
    },

    {
      "Caracteristica":"INCLINE",
      "Detalle":"HILODESEGURIDAD",
      "Posicion":"ANVERSO",
      "IdString":"a100Incline1",
      "VerticalBias":469,
      "HorizontalBias":1033,
      "Habilitado":true,
      "Imagen":"a100I1",
      "Gif":false,
      "ImagenUrl": "https://www.bcb.gob.bo/webdocs/nfb/billetes/images/100000/100_02inc_hil_seg.jpg",
      "Assets": false
    },
    {
      "Caracteristica":"INCLINE",
      "Detalle":"IMAGENLATENTE",
      "Posicion":"ANVERSO",
      "IdString":"a100Incline2",
      "VerticalBias":1000,
      "HorizontalBias":400,
      "Habilitado":true,
      "Imagen":"a100I21;a100I22;a100I22;a100I21",
      "Gif":true,
      "ImagenUrl": "https://www.bcb.gob.bo/webdocs/nfb/billetes/images/100000/100_01inc_ima_lat.jpg",
      "Assets": false
    }
  ,
    {
      "Caracteristica":"MIREUV",
      "Detalle":"FLUORESCENCIA",
      "Posicion":"ANVERSO",
      "IdString":"a100Mireuv1",
      "VerticalBias":670,
      "HorizontalBias":670,
      "Habilitado":true,
      "Imagen":"a100UV1",
      "Gif":false,
      "ImagenUrl": "",
      "Assets": true
    }
  ,
    {
      "Caracteristica":"DETALLESARTISTICOS",
      "Detalle":"PERSONAJE",
      "Posicion":"ANVERSO",
      "IdString":"a100Arte1",
      "VerticalBias":800,
      "HorizontalBias":2373,
      "Habilitado":true,
      "Imagen":"a100A1",
      "Gif":false,
      "ImagenUrl": "",
      "Assets": true
    },
    {
      "Caracteristica":"MIRE",
      "Detalle":"FIBRILLAS",
      "Posicion":"REVERSO",
      "IdString":"a100Mire1",
      "VerticalBias":450,
      "HorizontalBias":2150,
      "Habilitado":true,
      "Imagen":"a100M1",
      "Gif":false,
      "ImagenUrl": "",
      "Assets": true
    },
    {
      "Caracteristica":"MIRE",
      "Detalle":"MARCADEAGUA",
      "Posicion":"REVERSO",
      "IdString":"a100Mire2",
      "VerticalBias":700,
      "HorizontalBias":2480,
      "Habilitado":true,
      "Imagen":"r100M2",
      "Gif":false,
      "ImagenUrl": "https://www.bcb.gob.bo/webdocs/nfb/billetes/images/100000/100_01mir_mag.jpg",
      "Assets": false
    },
    {
      "Caracteristica":"MIRE",
      "Detalle":"MOTIVOCOINCIDENTE",
      "Posicion":"REVERSO",
      "IdString":"a100Mire3",
      "VerticalBias":900,
      "HorizontalBias":2450,
      "Habilitado":true,
      "Imagen":"r100M3",
      "Gif":false,
      "ImagenUrl": "https://www.bcb.gob.bo/webdocs/nfb/billetes/images/100000/100_03mir_mot_coi.jpg",
      "Assets": false
    },
    {
      "Caracteristica":"TOQUE",
      "Detalle":"ALTORELIEVE",
      "Posicion":"REVERSO",
      "IdString":"r100Toque1",
      "VerticalBias":850,
      "HorizontalBias":1350,
      "Habilitado":true,
      "Imagen":"r100T1",
      "Gif":false,
      "ImagenUrl": "",
      "Assets": true
    },
    {
      "Caracteristica":"INCLINE",
      "Detalle":"BANDAIRISDICENTE",
      "Posicion":"REVERSO",
      "IdString":"r100Incline1",
      "VerticalBias":381,
      "HorizontalBias":587,
      "Habilitado":true,
      "Imagen":"r100I1",
      "Gif":false,
      "ImagenUrl": "https://www.bcb.gob.bo/webdocs/nfb/billetes/images/100000/100_03inc_ban_iri.jpg",
      "Assets": false
    },
    {
      "Caracteristica":"MIREUV",
      "Detalle":"FLUORESCENCIA",
      "Posicion":"REVERSO",
      "IdString":"r100Mireuv1",
      "VerticalBias":670,
      "HorizontalBias":670,
      "Habilitado":true,
      "Imagen":"r100UV1",
      "Gif":false,
      "ImagenUrl": "",
      "Assets": true
    }
  ,
    {
      "Caracteristica":"DETALLESARTISTICOS",
      "Detalle":"CASA",
      "Posicion":"REVERSO",
      "IdString":"r100Arte1",
      "VerticalBias":791,
      "HorizontalBias":1397,
      "Habilitado":true,
      "Imagen":"r100A1",
      "Gif":false,
      "ImagenUrl": "",
      "Assets": true
    }
  ]
}