{
  "Cabecera": "a20",
  "ImagenAnverso": "https://www.bcb.gob.bo/webdocs/nfb/billetes/images/20000/anverso20000.jpg",
  "ImagenReverso": "https://www.bcb.gob.bo/webdocs/nfb/billetes/images/20000/reverso20000.jpg",
  "ImagenAnversoUV": "a20uv",
  "ImagenReversoUV": "r20uv",
  "AssetsAnverso": false,
  "AssetsReverso": false,
  "AssetsAnversoUV": true,
  "AssetsReversoUV": true,
  "MedidasDeSeguridad": [
    {
      "Caracteristica": "MIRE",
      "Detalle": "FIBRILLAS",
      "Posicion": "ANVERSO",
      "IdString": "a20Mire1",
      "VerticalBias": 501,
      "HorizontalBias": 575,
      "Habilitado": true,
      "Imagen": "a20M1",
      "Gif": false,
      "ImagenUrl": "",
      "Assets": true
    },
    {
      "Caracteristica": "MIRE",
      "Detalle": "MARCADEAGUA",
      "Posicion": "ANVERSO",
      "IdString": "a20Mire2",
      "VerticalBias": 730,
      "HorizontalBias": 450,
      "Habilitado": true,
      "Imagen": "a20M2",
      "Gif": false,
      "ImagenUrl": "https://www.bcb.gob.bo/webdocs/nfb/billetes/images/20000/20_01mir_mag.jpg",
      "Assets": false
    },
    {
      "Caracteristica": "MIRE",
      "Detalle": "MOTIVOCOINCIDENTE",
      "Posicion": "ANVERSO",
      "IdString": "a20Mire3",
      "VerticalBias": 950,
      "HorizontalBias": 240,
      "Habilitado": true,
      "Imagen": "a20M3",
      "Gif": false,
      "ImagenUrl": "https://www.bcb.gob.bo/webdocs/nfb/billetes/images/20000/20_03mir_mot_coi.jpg",
      "Assets": false
    },
    {
      "Caracteristica": "TOQUE",
      "Detalle": "ALTORELIEVE",
      "Posicion": "ANVERSO",
      "IdString": "a20Toque1",
      "VerticalBias": 400,
      "HorizontalBias": 400,
      "Habilitado": true,
      "Imagen": "a20T1",
      "Gif": false,
      "ImagenUrl": "",
      "Assets": true
    },
    {
      "Caracteristica": "TOQUE",
      "Detalle": "ALTORELIEVE",
      "Posicion": "ANVERSO",
      "IdString": "a20Toque2",
      "VerticalBias": 269,
      "HorizontalBias": 2043,
      "Habilitado": true,
      "Imagen": "a20T2",
      "Gif": false,
      "ImagenUrl": "",
      "Assets": true
    },
    {
      "Caracteristica": "INCLINE",
      "Detalle": "IMAGENLATENTE",
      "Posicion": "ANVERSO",
      "IdString": "a20Incline1",
      "VerticalBias": 1000,
      "HorizontalBias": 1600,
      "Habilitado": true,
      "Imagen": "a20I11;a20I12;a20I12;a20I11",
      "Gif": true,
      "ImagenUrl": "https://www.bcb.gob.bo/webdocs/nfb/billetes/images/20000/20_01inc_ima_lat.jpg",
      "Assets": false
    },
    {
      "Caracteristica": "INCLINE",
      "Detalle": "HILODESEGURIDAD",
      "Posicion": "ANVERSO",
      "IdString": "a20Incline2",
      "VerticalBias": 711,
      "HorizontalBias": 1087,
      "Habilitado": true,
      "Imagen": "a20I2",
      "Gif": false,
      "ImagenUrl": "https://www.bcb.gob.bo/webdocs/nfb/billetes/images/20000/20_02inc_hil_seg.jpg",
      "Assets": false
    },
    {
      "Caracteristica": "MIREUV",
      "Detalle": "FLUORESCENCIA",
      "Posicion": "ANVERSO",
      "IdString": "a20Mireuv1",
      "VerticalBias": 670,
      "HorizontalBias": 670,
      "Habilitado": true,
      "Imagen": "a20UV1",
      "Gif": false,
      "ImagenUrl": "",
      "Assets": true
    },
    {
      "Caracteristica": "DETALLESARTISTICOS",
      "Detalle": "PERSONAJE",
      "Posicion": "ANVERSO",
      "IdString": "a20Arte1",
      "VerticalBias": 700,
      "HorizontalBias": 2100,
      "Habilitado": true,
      "Imagen": "a20A1",
      "Gif": false,
      "ImagenUrl": "",
      "Assets": true
    },
    {
      "Caracteristica": "MIRE",
      "Detalle": "FIBRILLAS",
      "Posicion": "REVERSO",
      "IdString": "a20Mire1",
      "VerticalBias": 410,
      "HorizontalBias": 2200,
      "Habilitado": true,
      "Imagen": "a20M1",
      "Gif": false,
      "ImagenUrl": "",
      "Assets": true
    },
    {
      "Caracteristica": "MIRE",
      "Detalle": "MARCADEAGUA",
      "Posicion": "REVERSO",
      "IdString": "a20Mire2",
      "VerticalBias": 700,
      "HorizontalBias": 2400,
      "Habilitado": true,
      "Imagen": "r20M2",
      "Gif": false,
      "ImagenUrl": "https://www.bcb.gob.bo/webdocs/nfb/billetes/images/20000/20_01mir_mag.jpg",
      "Assets": false
    },
    {
      "Caracteristica": "MIRE",
      "Detalle": "MOTIVOCOINCIDENTE",
      "Posicion": "REVERSO",
      "IdString": "a20Mire3",
      "VerticalBias": 950,
      "HorizontalBias": 2550,
      "Habilitado": true,
      "Imagen": "r20M3",
      "Gif": false,
      "ImagenUrl": "https://www.bcb.gob.bo/webdocs/nfb/billetes/images/20000/20_03mir_mot_coi.jpg",
      "Assets": false
    },
    {
      "Caracteristica": "TOQUE",
      "Detalle": "ALTORELIEVE",
      "Posicion": "REVERSO",
      "IdString": "r20Toque1",
      "VerticalBias": 850,
      "HorizontalBias": 1480,
      "Habilitado": true,
      "Imagen": "r20T1",
      "Gif": false,
      "ImagenUrl": "",
      "Assets": true
    },
    {
      "Caracteristica": "MIREUV",
      "Detalle": "FLUORESCENCIA",
      "Posicion": "REVERSO",
      "IdString": "r20Mireuv1",
      "VerticalBias": 670,
      "HorizontalBias": 670,
      "Habilitado": true,
      "Imagen": "r20UV1",
      "Gif": false,
      "ImagenUrl": "",
      "Assets": true
    },
    {
      "Caracteristica": "DETALLESARTISTICOS",
      "Detalle": "CASA",
      "Posicion": "REVERSO",
      "IdString": "r20Arte1",
      "VerticalBias": 655,
      "HorizontalBias": 1469,
      "Habilitado": true,
      "Imagen": "r20A1",
      "Gif": false,
      "ImagenUrl": "",
      "Assets": true
    }
  ]
}