{
  "Cabecera":"a200",
  "ImagenAnverso": "https://www.bcb.gob.bo/webdocs/nfb/billetes/images/200000/anverso200000.jpg",
  "ImagenReverso": "https://www.bcb.gob.bo/webdocs/nfb/billetes/images/200000/reverso200000.jpg",
  "ImagenAnversoUV": "a200uv",
  "ImagenReversoUV": "r200uv",
  "AssetsAnverso": false,
  "AssetsReverso": false,
  "AssetsAnversoUV": true,
  "AssetsReversoUV": true,

  "MedidasDeSeguridad":[
    {
      "Caracteristica":"MIRE",
      "Detalle":"FIBRILLAS",
      "Posicion":"ANVERSO",
      "IdString":"a200Mire1",
      "VerticalBias":410,
      "HorizontalBias":600,
      "Habilitado":true,
      "Imagen":"a200M1",
      "Gif":false,
      "ImagenUrl": "",
      "Assets": true
    },
    {
      "Caracteristica":"MIRE",
      "Detalle":"MARCADEAGUA",
      "Posicion":"ANVERSO",
      "IdString":"a200Mire2",
      "VerticalBias":690,
      "HorizontalBias":290,
      "Habilitado":true,
      "Imagen":"a200M2",
      "Gif":false,
      "ImagenUrl": "https://www.bcb.gob.bo/webdocs/nfb/billetes/images/200000/200_01mir_mag.jpg",
      "Assets": false
    },
    {
      "Caracteristica":"MIRE",
      "Detalle":"MOTIVOCOINCIDENTE",
      "Posicion":"ANVERSO",
      "IdString":"a200Mire3",
      "VerticalBias":970,
      "HorizontalBias":350,
      "Habilitado":true,
      "Imagen":"a200M3",
      "Gif":false,
      "ImagenUrl": "https://www.bcb.gob.bo/webdocs/nfb/billetes/images/200000/200_03mir_mot_coi.jpg",
      "Assets": false
    },

    {
      "Caracteristica":"TOQUE",
      "Detalle":"ALTORELIEVE",
      "Posicion":"ANVERSO",
      "IdString":"a200Toque1",
      "VerticalBias":390,
      "HorizontalBias":400,
      "Habilitado":true,
      "Imagen":"a200T1",
      "Gif":false,
      "ImagenUrl": "",
      "Assets": true
    },

    {
      "Caracteristica":"TOQUE",
      "Detalle":"ALTORELIEVE",
      "Posicion":"ANVERSO",
      "IdString":"a200Toque2",
      "VerticalBias":611,
      "HorizontalBias":2279,
      "Habilitado":true,
      "Imagen":"a200T2",
      "Gif":false,
      "ImagenUrl": "",
      "Assets": true
    },
    {
      "Caracteristica":"INCLINE",
      "Detalle":"HILODESEGURIDAD",
      "Posicion":"ANVERSO",
      "IdString":"a200Incline1",
      "VerticalBias":533,
      "HorizontalBias":1175,
      "Habilitado":true,
      "Imagen":"a200I1",
      "Gif":false,
      "ImagenUrl": "https://www.bcb.gob.bo/webdocs/nfb/billetes/images/200000/200_02inc_hil_seg.jpg",
      "Assets": false
    },
    {
      "Caracteristica":"INCLINE",
      "Detalle":"IMAGENLATENTE",
      "Posicion":"ANVERSO",
      "IdString":"a200Incline2",
      "VerticalBias":945,
      "HorizontalBias":2333,
      "Habilitado":true,
      "Imagen":"a200I21;a200I22;a200I22;a200I21",
      "Gif":true,
      "ImagenUrl": "https://www.bcb.gob.bo/webdocs/nfb/billetes/images/200000/200_01inc_ima_lat.jpg",
      "Assets": false
    }
  ,
    {
      "Caracteristica":"MIREUV",
      "Detalle":"FLUORESCENCIA",
      "Posicion":"ANVERSO",
      "IdString":"a200Mireuv1",
      "VerticalBias":670,
      "HorizontalBias":670,
      "Habilitado":true,
      "Imagen":"a200UV1",
      "Gif":false,
      "ImagenUrl": "",
      "Assets": true
    }
  ,
    {
      "Caracteristica":"DETALLESARTISTICOS",
      "Detalle":"PERSONAJE",
      "Posicion":"ANVERSO",
      "IdString":"a200Arte1",
      "VerticalBias":730,
      "HorizontalBias":2197,
      "Habilitado":true,
      "Imagen":"a200A1",
      "Gif":false,
      "ImagenUrl": "",
      "Assets": true
    },
    {
      "Caracteristica":"MIRE",
      "Detalle":"FIBRILLAS",
      "Posicion":"REVERSO",
      "IdString":"a200Mire1",
      "VerticalBias":400,
      "HorizontalBias":2140,
      "Habilitado":true,
      "Imagen":"a200M1",
      "Gif":false,
      "ImagenUrl": "",
      "Assets": true
    },
    {
      "Caracteristica":"MIRE",
      "Detalle":"MARCADEAGUA",
      "Posicion":"REVERSO",
      "IdString":"a200Mire2",
      "VerticalBias":700,
      "HorizontalBias":2460,
      "Habilitado":true,
      "Imagen":"r200M2",
      "Gif":false,
      "ImagenUrl": "https://www.bcb.gob.bo/webdocs/nfb/billetes/images/200000/200_01mir_mag.jpg",
      "Assets": false
    },
    {
      "Caracteristica":"MIRE",
      "Detalle":"MOTIVOCOINCIDENTE",
      "Posicion":"REVERSO",
      "IdString":"a200Mire3",
      "VerticalBias":975,
      "HorizontalBias":2433,
      "Habilitado":true,
      "Imagen":"r200M3",
      "Gif":false,
      "ImagenUrl": "https://www.bcb.gob.bo/webdocs/nfb/billetes/images/200000/200_03mir_mot_coi.jpg",
      "Assets": false
    },
    {
      "Caracteristica":"TOQUE",
      "Detalle":"ALTORELIEVE",
      "Posicion":"REVERSO",
      "IdString":"r200Toque1",
      "VerticalBias":680,
      "HorizontalBias":1325,
      "Habilitado":true,
      "Imagen":"r200T1",
      "Gif":false,
      "ImagenUrl": "",
      "Assets": true
    },
    {
      "Caracteristica":"INCLINE",
      "Detalle":"BANDAIRISDICENTE",
      "Posicion":"REVERSO",
      "IdString":"r200Incline1",
      "VerticalBias":427,
      "HorizontalBias":455,
      "Habilitado":true,
      "Imagen":"r200I1",
      "Gif":false,
      "ImagenUrl": "",
      "Assets": true
    },
    {
      "Caracteristica":"MIREUV",
      "Detalle":"FLUORESCENCIA",
      "Posicion":"REVERSO",
      "IdString":"r200Mireuv1",
      "VerticalBias":670,
      "HorizontalBias":670,
      "Habilitado":true,
      "Imagen":"r200UV1",
      "Gif":false,
      "ImagenUrl": "",
      "Assets": true
    }
  ,
    {
      "Caracteristica":"DETALLESARTISTICOS",
      "Detalle":"CASA",
      "Posicion":"REVERSO",
      "IdString":"r200Arte1",
      "VerticalBias":719,
      "HorizontalBias":1443,
      "Habilitado":true,
      "Imagen":"r200A1",
      "Gif":false,
      "ImagenUrl": "",
      "Assets": true
    }
  ]
}