{
  "Cabecera": "a50",
  "ImagenAnverso": "https://www.bcb.gob.bo/webdocs/nfb/billetes/images/50000/anverso50000.jpg",
  "ImagenReverso": "https://www.bcb.gob.bo/webdocs/nfb/billetes/images/50000/reverso50000.jpg",
  "ImagenAnversoUV": "a50uv",
  "ImagenReversoUV": "r50uv",
  "AssetsAnverso": false,
  "AssetsReverso": false,
  "AssetsAnversoUV": true,
  "AssetsReversoUV": true,
  "MedidasDeSeguridad": [
    {
      "Caracteristica": "MIRE",
      "Detalle": "FIBRILLAS",
      "Posicion": "ANVERSO",
      "IdString": "a50Mire1",
      "VerticalBias": 380,
      "HorizontalBias": 620,
      "Habilitado": true,
      "Imagen": "a50M1",
      "Gif": false,
      "ImagenUrl": "",
      "Assets": true
    },
    {
      "Caracteristica": "MIRE",
      "Detalle": "MARCADEAGUA",
      "Posicion": "ANVERSO",
      "IdString": "a50Mire2",
      "VerticalBias": 650,
      "HorizontalBias": 400,
      "Habilitado": true,
      "Imagen": "a50M2",
      "Gif": false,
      "ImagenUrl": "https://www.bcb.gob.bo/webdocs/nfb/billetes/images/50000/50_01mir_mag.jpg",
      "Assets": false
    },
    {
      "Caracteristica": "MIRE",
      "Detalle": "MOTIVOCOINCIDENTE",
      "Posicion": "ANVERSO",
      "IdString": "a50Mire3",
      "VerticalBias": 890,
      "HorizontalBias": 260,
      "Habilitado": true,
      "Imagen": "a50M3",
      "Gif": false,
      "ImagenUrl": "https://www.bcb.gob.bo/webdocs/nfb/billetes/images/50000/50_03mir_mot_coi.jpg",
      "Assets": false
    },
    {
      "Caracteristica": "TOQUE",
      "Detalle": "ALTORELIEVE",
      "Posicion": "ANVERSO",
      "IdString": "a50Toque1",
      "VerticalBias": 370,
      "HorizontalBias": 300,
      "Habilitado": true,
      "Imagen": "a50T1",
      "Gif": false,
      "ImagenUrl": "",
      "Assets": true
    },
    {
      "Caracteristica": "TOQUE",
      "Detalle": "ALTORELIEVE",
      "Posicion": "ANVERSO",
      "IdString": "a50Toque2",
      "VerticalBias": 700,
      "HorizontalBias": 2200,
      "Habilitado": true,
      "Imagen": "a50T2",
      "Gif": false,
      "ImagenUrl": "",
      "Assets": true
    },
    {
      "Caracteristica": "INCLINE",
      "Detalle": "HILODESEGURIDAD",
      "Posicion": "ANVERSO",
      "IdString": "a50Incline1",
      "VerticalBias": 689,
      "HorizontalBias": 1139,
      "Habilitado": true,
      "Imagen": "a50I1",
      "Gif": false,
      "ImagenUrl": "https://www.bcb.gob.bo/webdocs/nfb/billetes/images/50000/50_02inc_hil_seg.jpg",
      "Assets": false
    },
    {
      "Caracteristica": "INCLINE",
      "Detalle": "IMAGENLATENTE",
      "Posicion": "ANVERSO",
      "IdString": "a50Incline2",
      "VerticalBias": 1100,
      "HorizontalBias": 640,
      "Habilitado": true,
      "Imagen": "a50I21;a50I22;a50I22;a50I21",
      "Gif": true,
      "ImagenUrl": "https://www.bcb.gob.bo/webdocs/nfb/billetes/images/50000/50_01inc_ima_lat.jpg",
      "Assets": false
    },
    {
      "Caracteristica": "MIREUV",
      "Detalle": "FLUORESCENCIA",
      "Posicion": "ANVERSO",
      "IdString": "a50Mireuv1",
      "VerticalBias": 670,
      "HorizontalBias": 670,
      "Habilitado": true,
      "Imagen": "a50UV1",
      "Gif": false,
      "ImagenUrl": "",
      "Assets": true
    },
    {
      "Caracteristica": "DETALLESARTISTICOS",
      "Detalle": "PERSONAJE",
      "Posicion": "ANVERSO",
      "IdString": "a50Arte1",
      "VerticalBias": 565,
      "HorizontalBias": 2135,
      "Habilitado": true,
      "Imagen": "a50A1",
      "Gif": false,
      "ImagenUrl": "",
      "Assets": true
    },
    {
      "Caracteristica": "MIRE",
      "Detalle": "FIBRILLAS",
      "Posicion": "REVERSO",
      "IdString": "a50Mire1",
      "VerticalBias": 400,
      "HorizontalBias": 2200,
      "Habilitado": true,
      "Imagen": "a50M1",
      "Gif": false,
      "ImagenUrl": "",
      "Assets": true
    },
    {
      "Caracteristica": "MIRE",
      "Detalle": "MARCADEAGUA",
      "Posicion": "REVERSO",
      "IdString": "a50Mire2",
      "VerticalBias": 700,
      "HorizontalBias": 2350,
      "Habilitado": true,
      "Imagen": "r50M2",
      "Gif": false,
      "ImagenUrl": "https://www.bcb.gob.bo/webdocs/nfb/billetes/images/50000/50_01mir_mag.jpg",
      "Assets": false
    },
    {
      "Caracteristica": "MIRE",
      "Detalle": "MOTIVOCOINCIDENTE",
      "Posicion": "REVERSO",
      "IdString": "a50Mire3",
      "VerticalBias": 885,
      "HorizontalBias": 2545,
      "Habilitado": true,
      "Imagen": "r50M3",
      "Gif": false,
      "ImagenUrl": "https://www.bcb.gob.bo/webdocs/nfb/billetes/images/50000/50_03mir_mot_coi.jpg",
      "Assets": false
    },
    {
      "Caracteristica": "TOQUE",
      "Detalle": "ALTORELIEVE",
      "Posicion": "REVERSO",
      "IdString": "r50Toque1",
      "VerticalBias": 730,
      "HorizontalBias": 1333,
      "Habilitado": true,
      "Imagen": "r50T1",
      "Gif": false,
      "ImagenUrl": "",
      "Assets": true
    },
    {
      "Caracteristica": "INCLINE",
      "Detalle": "BANDAIRISDICENTE",
      "Posicion": "REVERSO",
      "IdString": "r50Incline1",
      "VerticalBias": 463,
      "HorizontalBias": 469,
      "Habilitado": true,
      "Imagen": "r50I1",
      "Gif": false,
      "ImagenUrl": "https://www.bcb.gob.bo/webdocs/nfb/billetes/images/50000/50_03inc_ban_iri.jpg",
      "Assets": false
    },
    {
      "Caracteristica": "MIREUV",
      "Detalle": "FLUORESCENCIA",
      "Posicion": "REVERSO",
      "IdString": "r50Mireuv1",
      "VerticalBias": 670,
      "HorizontalBias": 670,
      "Habilitado": true,
      "Imagen": "r50UV1",
      "Gif": false,
      "ImagenUrl": "",
      "Assets": true
    },
    {
      "Caracteristica": "DETALLESARTISTICOS",
      "Detalle": "CASA",
      "Posicion": "REVERSO",
      "IdString": "r50Arte1",
      "VerticalBias": 687,
      "HorizontalBias": 1337,
      "Habilitado": true,
      "Imagen": "r50A1",
      "Gif": false,
      "ImagenUrl": "",
      "Assets": true
    }
  ]
}