{
  "Cabecera": "na10",
  "ImagenAnverso": "https://www.bcb.gob.bo/webdocs/nfb/billetes/nfb/img/10000/anvlupa10000.jpg",
  "ImagenReverso": "https://www.bcb.gob.bo/webdocs/nfb/billetes/nfb/img/10000/revlupa10000.jpg",
  "ImagenAnversoUV": "https://www.bcb.gob.bo/webdocs/nfb/billetes/nfb/img/10000/anverso10000_ultrv.jpg",
  "ImagenReversoUV": "https://www.bcb.gob.bo/webdocs/nfb/billetes/nfb/img/10000/reverso10000_ultrv.jpg",
  "AssetsAnverso": false,
  "AssetsReverso": false,
  "AssetsAnversoUV": false,
  "AssetsReversoUV": false,
  "MedidasDeSeguridad": [
    {
      "Caracteristica": "MIRE",
      "Detalle": "MARCADEAGUA",
      "Posicion": "ANVERSO",
      "IdString": "na10Mire1",
      "VerticalBias": 860,
      "HorizontalBias": 450,
      "Habilitado": true,
      "Imagen": "na10M1",
      "Gif": false,
      "ImagenUrl": "https://www.bcb.gob.bo/webdocs/nfb/billetes/nfb/img/10000/10_01mir_mag.jpg",
      "Assets": false
    },
    {
      "Caracteristica": "MIRE",
      "Detalle": "FIBRILLAS",
      "Posicion": "ANVERSO",
      "IdString": "na10Mire2",
      "VerticalBias": 341,
      "HorizontalBias": 500,
      "Habilitado": true,
      "Imagen": "na10M2",
      "Gif": false,
      "ImagenUrl": "",
      "Assets": true
    },
    {
      "Caracteristica": "MIRE",
      "Detalle": "MOTIVOCOINCIDENTE",
      "Posicion": "ANVERSO",
      "IdString": "na10Mire3",
      "VerticalBias": 1230,
      "HorizontalBias": 270,
      "Habilitado": true,
      "Imagen": "na10M3",
      "Gif": false,
      "ImagenUrl": "https://www.bcb.gob.bo/webdocs/nfb/billetes/nfb/img/10000/10_02mir_mot_coi.jpg",
      "Assets": false
    },
    {
      "Caracteristica": "TOQUE",
      "Detalle": "ALTORELIEVE",
      "Posicion": "ANVERSO",
      "IdString": "na10Toque1",
      "VerticalBias": 285,
      "HorizontalBias": 365,
      "Habilitado": true,
      "Imagen": "na10T1",
      "Gif": false,
      "ImagenUrl": "https://www.bcb.gob.bo/webdocs/nfb/billetes/nfb/img/10000/10_03toq_alt_rel.jpg",
      "Assets": false
    },
    {
      "Caracteristica": "TOQUE",
      "Detalle": "ALTORELIEVE",
      "Posicion": "ANVERSO",
      "IdString": "na10Toque2",
      "VerticalBias": 165,
      "HorizontalBias": 1240,
      "Habilitado": true,
      "Imagen": "na10T2",
      "Gif": false,
      "ImagenUrl": "",
      "Assets": true
    },
    {
      "Caracteristica": "TOQUE",
      "Detalle": "ALTORELIEVE",
      "Posicion": "ANVERSO",
      "IdString": "na10Toque3",
      "VerticalBias": 900,
      "HorizontalBias": 100,
      "Habilitado": true,
      "Imagen": "na10T3",
      "Gif": false,
      "ImagenUrl": "",
      "Assets": true
    },
    {
      "Caracteristica": "TOQUE",
      "Detalle": "ALTORELIEVE",
      "Posicion": "ANVERSO",
      "IdString": "na10Toque4",
      "VerticalBias": 850,
      "HorizontalBias": 2300,
      "Habilitado": true,
      "Imagen": "na10T4",
      "Gif": false,
      "ImagenUrl": "",
      "Assets": true
    },
    {
      "Caracteristica": "TOQUE",
      "Detalle": "ALTORELIEVE",
      "Posicion": "ANVERSO",
      "IdString": "na10Toque5",
      "VerticalBias": 750,
      "HorizontalBias": 600,
      "Habilitado": true,
      "Imagen": "na10T5",
      "Gif": false,
      "ImagenUrl": "https://www.bcb.gob.bo/webdocs/nfb/billetes/nfb/img/10000/10_03mir_fib.jpg",
      "Assets": false
    },
    {
      "Caracteristica": "INCLINE",
      "Detalle": "IMAGENLATENTE",
      "Posicion": "ANVERSO",
      "IdString": "na10Incline1",
      "VerticalBias": 1250,
      "HorizontalBias": 2000,
      "Habilitado": true,
      "Imagen": "na10I11;na10I12;na10I12;na10I11",
      "Gif": true,
      "GifHorientacion": "VERTICAL",
      "ImagenUrl": "https://www.bcb.gob.bo/webdocs/nfb/billetes/nfb/img/10000/10_03inc_img_lat.jpg",
      "Assets": false
    },
    {
      "Caracteristica": "INCLINE",
      "Detalle": "HILODESEGURIDAD",
      "Posicion": "ANVERSO",
      "IdString": "na10Incline2",
      "VerticalBias": 500,
      "HorizontalBias": 1055,
      "Habilitado": true,
      "Imagen": "na10I21;na10I22;na10I22;na10I21",
      "Gif": true,
      "GifHorientacion": "VERTICAL",
      "ImagenUrl": "https://www.bcb.gob.bo/webdocs/nfb/billetes/nfb/img/10000/hilo.gif",
      "Assets": false
    },
    {
      "Caracteristica": "MIREUV",
      "Detalle": "FLUORESCENCIA",
      "Posicion": "ANVERSO",
      "IdString": "na10Mireuv1",
      "VerticalBias": 670,
      "HorizontalBias": 670,
      "Habilitado": true,
      "Imagen": "na10UV1",
      "Gif": false,
      "ImagenUrl": "",
      "Assets": true
    },
    {
      "Caracteristica": "DETALLESARTISTICOS",
      "Detalle": "PERSONAJE",
      "Posicion": "ANVERSO",
      "IdString": "na10Arte1",
      "VerticalBias": 865,
      "HorizontalBias": 1920,
      "Habilitado": true,
      "Imagen": "na10A1",
      "Gif": false,
      "ImagenUrl": "https://www.bcb.gob.bo/webdocs/nfb/billetes/nfb/img/10000/10_01mir_tam_var.jpg.png",
      "Assets": false
    },
    {
      "Caracteristica": "DETALLESARTISTICOS",
      "Detalle": "PERSONAJE",
      "Posicion": "ANVERSO",
      "IdString": "na10Arte2",
      "VerticalBias": 705,
      "HorizontalBias": 2195,
      "Habilitado": true,
      "Imagen": "na10A2",
      "Gif": false,
      "ImagenUrl": "https://www.bcb.gob.bo/webdocs/nfb/billetes/nfb/img/10000/10_01mir_api_tup.jpg",
      "Assets": false
    },
    {
      "Caracteristica": "DETALLESARTISTICOS",
      "Detalle": "PERSONAJE",
      "Posicion": "ANVERSO",
      "IdString": "na10Arte3",
      "VerticalBias": 630,
      "HorizontalBias": 2510,
      "Habilitado": true,
      "Imagen": "na10A3",
      "Gif": false,
      "ImagenUrl": "https://www.bcb.gob.bo/webdocs/nfb/billetes/nfb/img/10000/10_03mir_mot_men.jpg",
      "Assets": false
    },
    {
      "Caracteristica": "DETALLESARTISTICOS",
      "Detalle": "OBJETOS",
      "Posicion": "ANVERSO",
      "IdString": "na10Arte4",
      "VerticalBias": 500,
      "HorizontalBias": 1300,
      "Habilitado": true,
      "Imagen": "na10A4",
      "Gif": false,
      "ImagenUrl": "https://www.bcb.gob.bo/webdocs/nfb/billetes/nfb/img/10000/10_05mir_cav_uma.jpg",
      "Assets": false
    },
    {
      "Caracteristica": "MIRE",
      "Detalle": "MOTIVOCOINCIDENTE",
      "Posicion": "REVERSO",
      "IdString": "nr10Mire1",
      "VerticalBias": 670,
      "HorizontalBias": 90,
      "Habilitado": true,
      "Imagen": "nr10M1",
      "Gif": false,
      "ImagenUrl": "https://www.bcb.gob.bo/webdocs/nfb/billetes/nfb/img/10000/10_04mir_icon.jpg",
      "Assets": false
    },
    {
      "Caracteristica": "MIRE",
      "Detalle": "MOTIVOCOINCIDENTE",
      "Posicion": "REVERSO",
      "IdString": "nr10Mire1",
      "VerticalBias": 660,
      "HorizontalBias": 2710,
      "Habilitado": true,
      "Imagen": "nr10M1",
      "Gif": false,
      "ImagenUrl": "https://www.bcb.gob.bo/webdocs/nfb/billetes/nfb/img/10000/10_04mir_icon.jpg",
      "Assets": false
    },
    {
      "Caracteristica": "MIRE",
      "Detalle": "MOTIVOCOINCIDENTE",
      "Posicion": "REVERSO",
      "IdString": "nr10Mire2",
      "VerticalBias": 1235,
      "HorizontalBias": 2543,
      "Habilitado": true,
      "Imagen": "nr10M2",
      "Gif": false,
      "ImagenUrl": "",
      "Assets": true
    },
    {
      "Caracteristica": "TOQUE",
      "Detalle": "ALTORELIEVE",
      "Posicion": "REVERSO",
      "IdString": "nr10Toque1",
      "VerticalBias": 1170,
      "HorizontalBias": 850,
      "Habilitado": true,
      "Imagen": "nr10T1",
      "Gif": false,
      "ImagenUrl": "",
      "Assets": true
    },
    {
      "Caracteristica": "TOQUE",
      "Detalle": "ALTORELIEVE",
      "Posicion": "REVERSO",
      "IdString": "nr10Toque2",
      "VerticalBias": 210,
      "HorizontalBias": 1240,
      "Habilitado": true,
      "Imagen": "nr10T2",
      "Gif": false,
      "ImagenUrl": "",
      "Assets": true
    },
    {
      "Caracteristica": "TOQUE",
      "Detalle": "ALTORELIEVE",
      "Posicion": "REVERSO",
      "IdString": "nr10Toque3",
      "VerticalBias": 100,
      "HorizontalBias": 2080,
      "Habilitado": true,
      "Imagen": "nr10T3",
      "Gif": false,
      "ImagenUrl": "",
      "Assets": true
    },
    {
      "Caracteristica": "INCLINE",
      "Detalle": "IMAGENLATENTE",
      "Posicion": "REVERSO",
      "IdString": "nr10Incline1",
      "VerticalBias": 530,
      "HorizontalBias": 425,
      "Habilitado": true,
      "Imagen": "picaflor1;picaflor2;picaflor2;picaflor3",
      "Gif": true,
      "GifHorientacion": "VERTICAL",
      "ImagenUrl": "https://www.bcb.gob.bo/webdocs/nfb/billetes/nfb/img/10000/picaflor.gif",
      "Assets": false
    },
    {
      "Caracteristica": "MIREUV",
      "Detalle": "FLUORESCENCIA",
      "Posicion": "REVERSO",
      "IdString": "nr10Mireuv1",
      "VerticalBias": 830,
      "HorizontalBias": 1600,
      "Habilitado": true,
      "Imagen": "nr10UV1",
      "Gif": false,
      "ImagenUrl": "",
      "Assets": true
    },
    {
      "Caracteristica": "DETALLESARTISTICOS",
      "Detalle": "AGRUPACION",
      "Posicion": "REVERSO",
      "IdString": "nr10Arte1",
      "VerticalBias": 600,
      "HorizontalBias": 810,
      "Habilitado": true,
      "Imagen": "nr10A1",
      "Gif": false,
      "ImagenUrl": "https://www.bcb.gob.bo/webdocs/nfb/billetes/nfb/img/10000/10_04mir_isl_pes.jpg",
      "Assets": false
    },
    {
      "Caracteristica": "DETALLESARTISTICOS",
      "Detalle": "CIUDAD",
      "Posicion": "REVERSO",
      "IdString": "nr10Arte2",
      "VerticalBias": 1000,
      "HorizontalBias": 1430,
      "Habilitado": true,
      "Imagen": "nr10A2",
      "Gif": false,
      "ImagenUrl": "https://www.bcb.gob.bo/webdocs/nfb/billetes/nfb/img/10000/10_06mir_pic_gig.jpg",
      "Assets": false
    },
    {
      "Caracteristica": "DETALLESARTISTICOS",
      "Detalle": "CIUDAD",
      "Posicion": "REVERSO",
      "IdString": "nr10Arte3",
      "VerticalBias": 1150,
      "HorizontalBias": 1900,
      "Habilitado": true,
      "Imagen": "nr10A3",
      "Gif": false,
      "ImagenUrl": "https://www.bcb.gob.bo/webdocs/nfb/billetes/nfb/img/10000/10_07mir_puya.jpg",
      "Assets": false
    }
  ]
}