{
  "Cabecera": "na100",
  "ImagenAnverso": "https://www.bcb.gob.bo/webdocs/nfb/billetes/nfb/img/100000/anvlupa100000.jpg",
  "ImagenReverso": "https://www.bcb.gob.bo/webdocs/nfb/billetes/nfb/img/100000/revlupa100000.jpg",
  "ImagenAnversoUV": "https://www.bcb.gob.bo/webdocs/nfb/billetes/nfb/img/100000/anverso100000_ultrv.jpg",
  "ImagenReversoUV": "https://www.bcb.gob.bo/webdocs/nfb/billetes/nfb/img/100000/reverso100000_ultrv.jpg",
  "AssetsAnverso": false,
  "AssetsReverso": false,
  "AssetsAnversoUV": false,
  "AssetsReversoUV": false,
  "MedidasDeSeguridad": [
    {
      "Caracteristica": "MIRE",
      "Detalle": "MARCADEAGUA",
      "Posicion": "ANVERSO",
      "IdString": "na100Mire1",
      "VerticalBias": 860,
      "HorizontalBias": 450,
      "Habilitado": true,
      "Imagen": "na100M1",
      "Gif": false,
      "ImagenUrl": "https://www.bcb.gob.bo/webdocs/nfb/billetes/nfb/img/100000/100_01mir_mag.jpg",
      "Assets": false
    },
    {
      "Caracteristica": "MIRE",
      "Detalle": "FIBRILLAS",
      "Posicion": "ANVERSO",
      "IdString": "na100Mire2",
      "VerticalBias": 341,
      "HorizontalBias": 500,
      "Habilitado": true,
      "Imagen": "na100M2",
      "Gif": false,
      "ImagenUrl": "/na100m2.png",
      "Assets": true
    },
    {
      "Caracteristica": "MIRE",
      "Detalle": "MOTIVOCOINCIDENTE",
      "Posicion": "ANVERSO",
      "IdString": "na100Mire3",
      "VerticalBias": 1230,
      "HorizontalBias": 270,
      "Habilitado": true,
      "Imagen": "na100M3",
      "Gif": false,
      "ImagenUrl": "https://www.bcb.gob.bo/webdocs/nfb/billetes/nfb/img/100000/100_02mir_mot_coi.jpg",
      "Assets": false
    },
    {
      "Caracteristica": "TOQUE",
      "Detalle": "ALTORELIEVE",
      "Posicion": "ANVERSO",
      "IdString": "na100Toque1",
      "VerticalBias": 285,
      "HorizontalBias": 365,
      "Habilitado": true,
      "Imagen": "na100T1",
      "Gif": false,
      "ImagenUrl": "https://www.bcb.gob.bo/webdocs/nfb/billetes/nfb/img/100000/100_03toq_alt_rel.jpg",
      "Assets": false
    },
    {
      "Caracteristica": "TOQUE",
      "Detalle": "ALTORELIEVE",
      "Posicion": "ANVERSO",
      "IdString": "na100Toque2",
      "VerticalBias": 165,
      "HorizontalBias": 1240,
      "Habilitado": true,
      "Imagen": "na100T2",
      "Gif": false,
      "ImagenUrl": "https://www.bcb.gob.bo/webdocs/nfb/billetes/nfb/img/100000/100_02toq_imp_alt.jpg",
      "Assets": false
    },
    {
      "Caracteristica": "TOQUE",
      "Detalle": "ALTORELIEVE",
      "Posicion": "ANVERSO",
      "IdString": "na100Toque3",
      "VerticalBias": 900,
      "HorizontalBias": 100,
      "Habilitado": true,
      "Imagen": "na100T3",
      "Gif": false,
      "ImagenUrl": "/na100t3.png",
      "Assets": true
    },
    {
      "Caracteristica": "TOQUE",
      "Detalle": "ALTORELIEVE",
      "Posicion": "ANVERSO",
      "IdString": "na100Toque4",
      "VerticalBias": 850,
      "HorizontalBias": 2300,
      "Habilitado": true,
      "Imagen": "na100T4",
      "Gif": false,
      "ImagenUrl": "/na100t4.png",
      "Assets": true
    },
    {
      "Caracteristica": "TOQUE",
      "Detalle": "ALTORELIEVE",
      "Posicion": "ANVERSO",
      "IdString": "na100Toque5",
      "VerticalBias": 750,
      "HorizontalBias": 600,
      "Habilitado": true,
      "Imagen": "na10T5",
      "Gif": false,
      "ImagenUrl": "https://www.bcb.gob.bo/webdocs/nfb/billetes/nfb/img/100000/100_03mir_fib.jpg",
      "Assets": false
    },
    {
      "Caracteristica": "INCLINE",
      "Detalle": "IMAGENLATENTE",
      "Posicion": "ANVERSO",
      "IdString": "na100Incline1",
      "VerticalBias": 1250,
      "HorizontalBias": 2000,
      "Habilitado": true,
      "Imagen": "na100I11;na100I12;na100I12;na100I11",
      "Gif": true,
      "GifHorientacion": "VERTICAL",
      "ImagenUrl": "https://www.bcb.gob.bo/webdocs/nfb/billetes/nfb/img/100000/100_03inc_img_lat.gif",
      "Assets": false
    },
    {
      "Caracteristica": "INCLINE",
      "Detalle": "HILODESEGURIDAD",
      "Posicion": "ANVERSO",
      "IdString": "na100Incline2",
      "VerticalBias": 500,
      "HorizontalBias": 1055,
      "Habilitado": true,
      "Imagen": "na100I21;na100I22;na100I22;na100I21",
      "Gif": true,
      "GifHorientacion": "VERTICAL",
      "ImagenUrl": "https://www.bcb.gob.bo/webdocs/nfb/billetes/nfb/img/100000/hilo_seguridad.gif",
      "Assets": false
    },
    {
      "Caracteristica": "MIREUV",
      "Detalle": "FLUORESCENCIA",
      "Posicion": "ANVERSO",
      "IdString": "na100Mireuv1",
      "VerticalBias": 670,
      "HorizontalBias": 670,
      "Habilitado": true,
      "Imagen": "na100UV1",
      "Gif": false,
      "ImagenUrl": "",
      "Assets": true
    },
    {
      "Caracteristica": "DETALLESARTISTICOS",
      "Detalle": "PERSONAJE",
      "Posicion": "ANVERSO",
      "IdString": "na100Arte1",
      "VerticalBias": 865,
      "HorizontalBias": 1920,
      "Habilitado": true,
      "Imagen": "na100A1",
      "Gif": false,
      "ImagenUrl": "https://www.bcb.gob.bo/webdocs/nfb/billetes/nfb/img/100000/100_01mir_jap.jpg",
      "Assets": false
    },
    {
      "Caracteristica": "DETALLESARTISTICOS",
      "Detalle": "PERSONAJE",
      "Posicion": "ANVERSO",
      "IdString": "na100Arte2",
      "VerticalBias": 705,
      "HorizontalBias": 2195,
      "Habilitado": true,
      "Imagen": "na100A2",
      "Gif": false,
      "ImagenUrl": "https://www.bcb.gob.bo/webdocs/nfb/billetes/nfb/img/100000/100_01mir_ac.jpg",
      "Assets": false
    },
    {
      "Caracteristica": "DETALLESARTISTICOS",
      "Detalle": "PERSONAJE",
      "Posicion": "ANVERSO",
      "IdString": "na100Arte3",
      "VerticalBias": 630,
      "HorizontalBias": 2510,
      "Habilitado": true,
      "Imagen": "na100A3",
      "Gif": false,
      "ImagenUrl": "https://www.bcb.gob.bo/webdocs/nfb/billetes/nfb/img/100000/100_03mir_ajs.jpg",
      "Assets": false
    },
    {
      "Caracteristica": "DETALLESARTISTICOS",
      "Detalle": "OBJETOS",
      "Posicion": "ANVERSO",
      "IdString": "na100Arte4",
      "VerticalBias": 500,
      "HorizontalBias": 1300,
      "Habilitado": true,
      "Imagen": "na100A4",
      "Gif": false,
      "ImagenUrl": "https://www.bcb.gob.bo/webdocs/nfb/billetes/nfb/img/100000/100_05mir_fi.jpg",
      "Assets": false
    },
    {
      "Caracteristica": "MIRE",
      "Detalle": "MOTIVOCOINCIDENTE",
      "Posicion": "REVERSO",
      "IdString": "nr100Mire1",
      "VerticalBias": 670,
      "HorizontalBias": 90,
      "Habilitado": true,
      "Imagen": "nr100M1",
      "Gif": false,
      "ImagenUrl": "https://www.bcb.gob.bo/webdocs/nfb/billetes/nfb/img/100000/100_04mir_icon.jpg",
      "Assets": false
    },
    {
      "Caracteristica": "MIRE",
      "Detalle": "MOTIVOCOINCIDENTE",
      "Posicion": "REVERSO",
      "IdString": "nr100Mire1",
      "VerticalBias": 660,
      "HorizontalBias": 2710,
      "Habilitado": true,
      "Imagen": "nr100M1",
      "Gif": false,
      "ImagenUrl": "https://www.bcb.gob.bo/webdocs/nfb/billetes/nfb/img/100000/100_04mir_icon.jpg",
      "Assets": false
    },
    {
      "Caracteristica": "MIRE",
      "Detalle": "MOTIVOCOINCIDENTE",
      "Posicion": "REVERSO",
      "IdString": "nr100Mire2",
      "VerticalBias": 1235,
      "HorizontalBias": 2543,
      "Habilitado": true,
      "Imagen": "nr100M2",
      "Gif": false,
      "ImagenUrl": "",
      "Assets": true
    },
    {
      "Caracteristica": "TOQUE",
      "Detalle": "ALTORELIEVE",
      "Posicion": "REVERSO",
      "IdString": "nr100Toque1",
      "VerticalBias": 1170,
      "HorizontalBias": 850,
      "Habilitado": true,
      "Imagen": "nr100T1",
      "Gif": false,
      "ImagenUrl": "",
      "Assets": true
    },
    {
      "Caracteristica": "TOQUE",
      "Detalle": "ALTORELIEVE",
      "Posicion": "REVERSO",
      "IdString": "nr100Toque2",
      "VerticalBias": 210,
      "HorizontalBias": 1240,
      "Habilitado": true,
      "Imagen": "nr100T2",
      "Gif": false,
      "ImagenUrl": "",
      "Assets": true
    },
    {
      "Caracteristica": "TOQUE",
      "Detalle": "ALTORELIEVE",
      "Posicion": "REVERSO",
      "IdString": "nr100Toque3",
      "VerticalBias": 100,
      "HorizontalBias": 2080,
      "Habilitado": true,
      "Imagen": "nr100T3",
      "Gif": false,
      "ImagenUrl": "",
      "Assets": true
    },
    {
      "Caracteristica": "INCLINE",
      "Detalle": "CAMBIODECOLORYMOVIMIENTO",
      "Posicion": "REVERSO",
      "IdString": "nr100Incline1",
      "VerticalBias": 530,
      "HorizontalBias": 425,
      "Habilitado": true,
      "Imagen": "nr100i1;nr100i2;nr100i3;nr100i4;nr100i5;nr100i6;nr100i7",
      "Gif": true,
      "GifHorientacion": "HORIZONTAL",
      "ImagenUrl": "https://www.bcb.gob.bo/webdocs/nfb/billetes/nfb/img/100000/100_04inc_cam_col.gif",
      "Assets": false
    },
    {
      "Caracteristica": "MIREUV",
      "Detalle": "FLUORESCENCIA",
      "Posicion": "REVERSO",
      "IdString": "nr100Mireuv1",
      "VerticalBias": 830,
      "HorizontalBias": 1600,
      "Habilitado": true,
      "Imagen": "nr100UV1",
      "Gif": false,
      "ImagenUrl": "",
      "Assets": true
    },
    {
      "Caracteristica": "DETALLESARTISTICOS",
      "Detalle": "AGRUPACION",
      "Posicion": "REVERSO",
      "IdString": "nr100Arte1",
      "VerticalBias": 730,
      "HorizontalBias": 700,
      "Habilitado": true,
      "Imagen": "nr100A1",
      "Gif": false,
      "ImagenUrl": "https://www.bcb.gob.bo/webdocs/nfb/billetes/nfb/img/100000/100_04mir_cai.jpg",
      "Assets": false
    },
    {
      "Caracteristica": "DETALLESARTISTICOS",
      "Detalle": "CIUDAD",
      "Posicion": "REVERSO",
      "IdString": "nr100Arte2",
      "VerticalBias": 1000,
      "HorizontalBias": 1430,
      "Habilitado": true,
      "Imagen": "nr100A2",
      "Gif": false,
      "ImagenUrl": "https://www.bcb.gob.bo/webdocs/nfb/billetes/nfb/img/100000/100_07mir_fa.jpg",
      "Assets": false
    },
    {
      "Caracteristica": "DETALLESARTISTICOS",
      "Detalle": "CIUDAD",
      "Posicion": "REVERSO",
      "IdString": "nr100Arte3",
      "VerticalBias": 600,
      "HorizontalBias": 1700,
      "Habilitado": true,
      "Imagen": "nr100A3",
      "Gif": false,
      "ImagenUrl": "https://www.bcb.gob.bo/webdocs/nfb/billetes/nfb/img/100000/100_06mir_pic_fp.jpg",
      "Assets": false
    }
  ]
}