{
  "Cabecera": "na20",
  "ImagenAnverso": "https://www.bcb.gob.bo/webdocs/nfb/billetes/nfb/img/20000/anvlupa20000.jpg",
  "ImagenReverso": "https://www.bcb.gob.bo/webdocs/nfb/billetes/nfb/img/20000/revlupa20000.jpg",
  "ImagenAnversoUV": "https://www.bcb.gob.bo/webdocs/nfb/billetes/nfb/img/20000/anverso20000_ultrv.jpg",
  "ImagenReversoUV": "https://www.bcb.gob.bo/webdocs/nfb/billetes/nfb/img/20000/reverso20000_ultrv.jpg",
  "AssetsAnverso": false,
  "AssetsReverso": false,
  "AssetsAnversoUV": false,
  "AssetsReversoUV": false,
  "MedidasDeSeguridad": [
    {
      "Caracteristica": "MIRE",
      "Detalle": "MARCADEAGUA",
      "Posicion": "ANVERSO",
      "IdString": "na20Mire1",
      "VerticalBias": 860,
      "HorizontalBias": 450,
      "Habilitado": true,
      "Imagen": "na20M1",
      "Gif": false,
      "ImagenUrl": "https://www.bcb.gob.bo/webdocs/nfb/billetes/nfb/img/20000/20_01mir_mag.jpg",
      "Assets": false
    },
    {
      "Caracteristica": "MIRE",
      "Detalle": "FIBRILLAS",
      "Posicion": "ANVERSO",
      "IdString": "na20Mire2",
      "VerticalBias": 341,
      "HorizontalBias": 500,
      "Habilitado": true,
      "Imagen": "na20M2",
      "Gif": false,
      "ImagenUrl": "",
      "Assets": true
    },
    {
      "Caracteristica": "MIRE",
      "Detalle": "MOTIVOCOINCIDENTE",
      "Posicion": "ANVERSO",
      "IdString": "na20Mire3",
      "VerticalBias": 1230,
      "HorizontalBias": 270,
      "Habilitado": true,
      "Imagen": "na20M3",
      "Gif": false,
      "ImagenUrl": "https://www.bcb.gob.bo/webdocs/nfb/billetes/nfb/img/20000/20_02mir_mot_coi.jpg",
      "Assets": false
    },
    {
      "Caracteristica": "TOQUE",
      "Detalle": "ALTORELIEVE",
      "Posicion": "ANVERSO",
      "IdString": "na20Toque1",
      "VerticalBias": 285,
      "HorizontalBias": 365,
      "Habilitado": true,
      "Imagen": "na20T1",
      "Gif": false,
      "ImagenUrl": "https://www.bcb.gob.bo/webdocs/nfb/billetes/nfb/img/20000/20_03toq_alt_rel.jpg",
      "Assets": false
    },
    {
      "Caracteristica": "TOQUE",
      "Detalle": "ALTORELIEVE",
      "Posicion": "ANVERSO",
      "IdString": "na20Toque2",
      "VerticalBias": 165,
      "HorizontalBias": 1240,
      "Habilitado": true,
      "Imagen": "na20T2",
      "Gif": false,
      "ImagenUrl": "https://www.bcb.gob.bo/webdocs/nfb/billetes/nfb/img/20000/20_02toq_imp_alt.jpg",
      "Assets": false
    },
    {
      "Caracteristica": "TOQUE",
      "Detalle": "ALTORELIEVE",
      "Posicion": "ANVERSO",
      "IdString": "na20Toque3",
      "VerticalBias": 900,
      "HorizontalBias": 100,
      "Habilitado": true,
      "Imagen": "na20T3",
      "Gif": false,
      "ImagenUrl": "",
      "Assets": true
    },
    {
      "Caracteristica": "TOQUE",
      "Detalle": "ALTORELIEVE",
      "Posicion": "ANVERSO",
      "IdString": "na20Toque4",
      "VerticalBias": 850,
      "HorizontalBias": 2300,
      "Habilitado": true,
      "Imagen": "na20T4",
      "Gif": false,
      "ImagenUrl": "",
      "Assets": true
    },
    {
      "Caracteristica": "TOQUE",
      "Detalle": "ALTORELIEVE",
      "Posicion": "ANVERSO",
      "IdString": "na20Toque5",
      "VerticalBias": 750,
      "HorizontalBias": 600,
      "Habilitado": true,
      "Imagen": "na20T5",
      "Gif": false,
      "ImagenUrl": "https://www.bcb.gob.bo/webdocs/nfb/billetes/nfb/img/20000/20_03mir_fib.jpg",
      "Assets": false
    },
    {
      "Caracteristica": "INCLINE",
      "Detalle": "IMAGENLATENTE",
      "Posicion": "ANVERSO",
      "IdString": "na20Incline1",
      "VerticalBias": 1250,
      "HorizontalBias": 2000,
      "Habilitado": true,
      "Imagen": "na20I11;na20I12;na20I12;na20I11",
      "Gif": true,
      "GifHorientacion": "VERTICAL",
      "ImagenUrl": "https://www.bcb.gob.bo/webdocs/nfb/billetes/nfb/img/20000/20_03inc_img_lat.gif",
      "Assets": false
    },
    {
      "Caracteristica": "INCLINE",
      "Detalle": "HILODESEGURIDAD",
      "Posicion": "ANVERSO",
      "IdString": "na20Incline2",
      "VerticalBias": 500,
      "HorizontalBias": 1055,
      "Habilitado": true,
      "Imagen": "na20I23;na20I22;na20I22;na20I23",
      "Gif": true,
      "GifHorientacion": "VERTICAL",
      "ImagenUrl": "https://www.bcb.gob.bo/webdocs/nfb/billetes/nfb/img/20000/hilo_seguridad.gif",
      "Assets": false
    },
    {
      "Caracteristica": "MIREUV",
      "Detalle": "FLUORESCENCIA",
      "Posicion": "ANVERSO",
      "IdString": "na20Mireuv1",
      "VerticalBias": 670,
      "HorizontalBias": 670,
      "Habilitado": true,
      "Imagen": "na20UV1",
      "Gif": false,
      "ImagenUrl": "",
      "Assets": true
    },
    {
      "Caracteristica": "DETALLESARTISTICOS",
      "Detalle": "PERSONAJE",
      "Posicion": "ANVERSO",
      "IdString": "na20Arte1",
      "VerticalBias": 865,
      "HorizontalBias": 1920,
      "Habilitado": true,
      "Imagen": "na20A1",
      "Gif": false,
      "ImagenUrl": "https://www.bcb.gob.bo/webdocs/nfb/billetes/nfb/img/20000/20_01mir_gr.jpg",
      "Assets": false
    },
    {
      "Caracteristica": "DETALLESARTISTICOS",
      "Detalle": "PERSONAJE",
      "Posicion": "ANVERSO",
      "IdString": "na20Arte2",
      "VerticalBias": 705,
      "HorizontalBias": 2195,
      "Habilitado": true,
      "Imagen": "na20A2",
      "Gif": false,
      "ImagenUrl": "",
      "Assets": true
    },
    {
      "Caracteristica": "DETALLESARTISTICOS",
      "Detalle": "PERSONAJE",
      "Posicion": "ANVERSO",
      "IdString": "na20Arte3",
      "VerticalBias": 630,
      "HorizontalBias": 2510,
      "Habilitado": true,
      "Imagen": "na20A3",
      "Gif": false,
      "ImagenUrl": "",
      "Assets": true
    },
    {
      "Caracteristica": "DETALLESARTISTICOS",
      "Detalle": "OBJETOS",
      "Posicion": "ANVERSO",
      "IdString": "na20Arte4",
      "VerticalBias": 500,
      "HorizontalBias": 1300,
      "Habilitado": true,
      "Imagen": "na20A4",
      "Gif": false,
      "ImagenUrl": "https://www.bcb.gob.bo/webdocs/nfb/billetes/nfb/img/20000/20_05mir_fs.jpg",
      "Assets": false
    },
    {
      "Caracteristica": "MIRE",
      "Detalle": "MOTIVOCOINCIDENTE",
      "Posicion": "REVERSO",
      "IdString": "nr20Mire1",
      "VerticalBias": 670,
      "HorizontalBias": 90,
      "Habilitado": true,
      "Imagen": "nr20M1",
      "Gif": false,
      "ImagenUrl": "https://www.bcb.gob.bo/webdocs/nfb/billetes/nfb/img/20000/20_04mir_icon.jpg",
      "Assets": false
    },
    {
      "Caracteristica": "MIRE",
      "Detalle": "MOTIVOCOINCIDENTE",
      "Posicion": "REVERSO",
      "IdString": "nr20Mire1",
      "VerticalBias": 660,
      "HorizontalBias": 2710,
      "Habilitado": true,
      "Imagen": "nr20M1",
      "Gif": false,
      "ImagenUrl": "https://www.bcb.gob.bo/webdocs/nfb/billetes/nfb/img/20000/20_04mir_icon.jpg",
      "Assets": false
    },
    {
      "Caracteristica": "MIRE",
      "Detalle": "MOTIVOCOINCIDENTE",
      "Posicion": "REVERSO",
      "IdString": "nr20Mire2",
      "VerticalBias": 1235,
      "HorizontalBias": 2543,
      "Habilitado": true,
      "Imagen": "nr20M2",
      "Gif": false,
      "ImagenUrl": "",
      "Assets": true
    },
    {
      "Caracteristica": "TOQUE",
      "Detalle": "ALTORELIEVE",
      "Posicion": "REVERSO",
      "IdString": "nr20Toque1",
      "VerticalBias": 1170,
      "HorizontalBias": 850,
      "Habilitado": true,
      "Imagen": "nr20T1",
      "Gif": false,
      "ImagenUrl": "",
      "Assets": true
    },
    {
      "Caracteristica": "TOQUE",
      "Detalle": "ALTORELIEVE",
      "Posicion": "REVERSO",
      "IdString": "nr20Toque2",
      "VerticalBias": 210,
      "HorizontalBias": 1240,
      "Habilitado": true,
      "Imagen": "nr20T2",
      "Gif": false,
      "ImagenUrl": "",
      "Assets": true
    },
    {
      "Caracteristica": "TOQUE",
      "Detalle": "ALTORELIEVE",
      "Posicion": "REVERSO",
      "IdString": "nr20Toque3",
      "VerticalBias": 100,
      "HorizontalBias": 2080,
      "Habilitado": true,
      "Imagen": "nr20T3",
      "Gif": false,
      "ImagenUrl": "",
      "Assets": true
    },
    {
      "Caracteristica": "INCLINE",
      "Detalle": "IMAGENLATENTE",
      "Posicion": "REVERSO",
      "IdString": "nr20Incline1",
      "VerticalBias": 530,
      "HorizontalBias": 425,
      "Habilitado": true,
      "Imagen": "nr20i1;nr20i2;nr20i3;nr20i4;nr20i5;nr20i6;nr20i7;nr20i8;nr20i9;nr20i10",
      "Gif": true,
      "GifHorientacion": "HORIZONTAL",
      "ImagenUrl": "https://www.bcb.gob.bo/webdocs/nfb/billetes/nfb/img/20000/20_04inc_cam_col.gif",
      "Assets": false
    },
    {
      "Caracteristica": "MIREUV",
      "Detalle": "FLUORESCENCIA",
      "Posicion": "REVERSO",
      "IdString": "nr20Mireuv1",
      "VerticalBias": 830,
      "HorizontalBias": 1600,
      "Habilitado": true,
      "Imagen": "nr20UV1",
      "Gif": false,
      "ImagenUrl": "",
      "Assets": true
    },
    {
      "Caracteristica": "DETALLESARTISTICOS",
      "Detalle": "AGRUPACION",
      "Posicion": "REVERSO",
      "IdString": "nr20Arte1",
      "VerticalBias": 730,
      "HorizontalBias": 700,
      "Habilitado": true,
      "Imagen": "nr20A1",
      "Gif": false,
      "ImagenUrl": "https://www.bcb.gob.bo/webdocs/nfb/billetes/nfb/img/20000/20_04mir_lb.jpg",
      "Assets": false
    },
    {
      "Caracteristica": "DETALLESARTISTICOS",
      "Detalle": "CIUDAD",
      "Posicion": "REVERSO",
      "IdString": "nr20Arte2",
      "VerticalBias": 1000,
      "HorizontalBias": 1430,
      "Habilitado": true,
      "Imagen": "nr20A2",
      "Gif": false,
      "ImagenUrl": "https://www.bcb.gob.bo/webdocs/nfb/billetes/nfb/img/20000/20_07mir_cn.jpg",
      "Assets": false
    },
    {
      "Caracteristica": "DETALLESARTISTICOS",
      "Detalle": "CIUDAD",
      "Posicion": "REVERSO",
      "IdString": "nr20Arte3",
      "VerticalBias": 600,
      "HorizontalBias": 1700,
      "Habilitado": true,
      "Imagen": "nr20A3",
      "Gif": false,
      "ImagenUrl": "https://www.bcb.gob.bo/webdocs/nfb/billetes/nfb/img/20000/20_06mir_pic_at.jpg",
      "Assets": false
    }
  ]
}