{
    "Cabecera":"na200",
    "ImagenAnverso":"https://www.bcb.gob.bo/webdocs/nfb/billetes/nfb/img/200000/anverso200000.jpg",
    "ImagenReverso":"https://www.bcb.gob.bo/webdocs/nfb/billetes/nfb/img/200000/reverso200000.jpg",
    "ImagenAnversoUV":"https://www.bcb.gob.bo/webdocs/nfb/billetes/nfb/img/200000/anverso200000_ultrv.jpg",
    "ImagenReversoUV":"https://www.bcb.gob.bo/webdocs/nfb/billetes/nfb/img/200000/reverso200000_ultrv.jpg",
    "AssetsAnverso":false,
    "AssetsReverso":false,
    "AssetsAnversoUV":false,
    "AssetsReversoUV":false,
  
    "MedidasDeSeguridad":[
      {
        "Caracteristica":"MIRE",
        "Detalle":"MARCADEAGUA",
        "Posicion":"ANVERSO",
        "IdString":"na200Mire1",
        "VerticalBias":860,
        "HorizontalBias":450,
        "Habilitado":true,
        "Imagen":"na200M1",
        "Gif":false,
        "ImagenUrl":"https://www.bcb.gob.bo/webdocs/nfb/billetes/nfb/img/200000/200_01mir_mag.jpg",
        "Assets":false
      },
      {
        "Caracteristica":"MIRE",
        "Detalle":"FIBRILLAS",
        "Posicion":"ANVERSO",
        "IdString":"na200Mire2",
        "VerticalBias":341,
        "HorizontalBias":500,
        "Habilitado":true,
        "Imagen":"na200M2",
        "Gif":false,
        "ImagenUrl":"https://www.bcb.gob.bo/webdocs/nfb/billetes/nfb/img/200000/200_04mir_fib.jpg",
        "Assets":false
      },
  
      {
        "Caracteristica":"MIRE",
        "Detalle":"MOTIVOCOINCIDENTE",
        "Posicion":"ANVERSO",
        "IdString":"na200Mire3",
        "VerticalBias":1230,
        "HorizontalBias":270,
        "Habilitado":true,
        "Imagen":"na200M3",
        "Gif":false,
        "ImagenUrl":"https://www.bcb.gob.bo/webdocs/nfb/billetes/nfb/img/200000/200_02mir_mot_coi.jpg",
        "Assets":false
      },
      {
        "Caracteristica":"TOQUE",
        "Detalle":"ALTORELIEVE",
        "Posicion":"ANVERSO",
        "IdString":"na200Toque1",
        "VerticalBias":285,
        "HorizontalBias":365,
        "Habilitado":true,
        "Imagen":"na200T1",
        "Gif":false,
        "ImagenUrl":"https://www.bcb.gob.bo/webdocs/nfb/billetes/nfb/img/200000/200_03toq_alt_rel.jpg",
        "Assets":false
      },
      {
        "Caracteristica":"TOQUE",
        "Detalle":"ALTORELIEVE",
        "Posicion":"ANVERSO",
        "IdString":"na200Toque2",
        "VerticalBias":165,
        "HorizontalBias":1240,
        "Habilitado":true,
        "Imagen":"na200T2",
        "Gif":false,
        "ImagenUrl":"https://www.bcb.gob.bo/webdocs/nfb/billetes/nfb/img/200000/200_02toq_imp_alt.jpg",
        "Assets":false
      },
      {
        "Caracteristica":"TOQUE",
        "Detalle":"ALTORELIEVE",
        "Posicion":"ANVERSO",
        "IdString":"na200Toque3",
        "VerticalBias":900,
        "HorizontalBias":100,
        "Habilitado":true,
        "Imagen":"na200T3",
        "Gif":false,
        "ImagenUrl":"assets/imagenes/na200t3.png",
        "Assets":true
      },
      {
        "Caracteristica":"TOQUE",
        "Detalle":"ALTORELIEVE",
        "Posicion":"ANVERSO",
        "IdString":"na200Toque4",
        "VerticalBias":850,
        "HorizontalBias":2300,
        "Habilitado":true,
        "Imagen":"na200T4",
        "Gif":false,
        "ImagenUrl":"assets/imagenes/na200t4.png",
        "Assets":true
      },
      {
        "Caracteristica":"TOQUE",
        "Detalle":"ALTORELIEVE",
        "Posicion":"ANVERSO",
        "IdString":"na200Toque5",
        "VerticalBias":750,
        "HorizontalBias":600,
        "Habilitado":true,
        "Imagen":"na10T5",
        "Gif":false,
        "ImagenUrl":"https://www.bcb.gob.bo/webdocs/nfb/billetes/nfb/img/200000/200_03mir_fib.jpg",
        "Assets":false
      },
      {
        "Caracteristica":"INCLINE",
        "Detalle":"IMAGENLATENTE",
        "Posicion":"ANVERSO",
        "IdString":"na200Incline1",
        "VerticalBias":1250,
        "HorizontalBias":2000,
        "Habilitado":true,
        "Imagen":"na200I11;na200I12;na200I12;na200I11",
        "Gif":true,
        "GifHorientacion":"VERTICAL",
        "ImagenUrl":"https://www.bcb.gob.bo/webdocs/nfb/billetes/nfb/img/200000/200_03inc_img_lat.gif",
        "Assets":false
      }
    ,
      {
        "Caracteristica":"INCLINE",
        "Detalle":"HILODESEGURIDAD",
        "Posicion":"ANVERSO",
        "IdString":"na200Incline2",
        "VerticalBias":500,
        "HorizontalBias":1055,
        "Habilitado":true,
        "Imagen":"na200I21;na200I22;na200I22;na200I21",
        "Gif":true,
        "GifHorientacion":"VERTICAL",
        "ImagenUrl":"https://www.bcb.gob.bo/webdocs/nfb/billetes/nfb/img/200000/hilo_seguridad.gif",
        "Assets":false
      }
    ,
  
      {
        "Caracteristica":"MIREUV",
        "Detalle":"FLUORESCENCIA",
        "Posicion":"ANVERSO",
        "IdString":"na200Mireuv1",
        "VerticalBias":670,
        "HorizontalBias":670,
        "Habilitado":true,
        "Imagen":"na200UV1",
        "Gif":false,
        "ImagenUrl":"assets/imagenes/na200uv1.png",
        "Assets":true
      }
    ,
  
      {
        "Caracteristica":"DETALLESARTISTICOS",
        "Detalle":"PERSONAJE",
        "Posicion":"ANVERSO",
        "IdString":"na200Arte1",
        "VerticalBias":865,
        "HorizontalBias":1920,
        "Habilitado":true,
        "Imagen":"na200A1",
        "Gif":false,
        "ImagenUrl":"https://www.bcb.gob.bo/webdocs/nfb/billetes/nfb/img/200000/200_01mir_tk.jpg",
        "Assets":false
      },
      {
        "Caracteristica":"DETALLESARTISTICOS",
        "Detalle":"PERSONAJE",
        "Posicion":"ANVERSO",
        "IdString":"na200Arte2",
        "VerticalBias":705,
        "HorizontalBias":2195,
        "Habilitado":true,
        "Imagen":"na200A2",
        "Gif":false,
        "ImagenUrl":"https://www.bcb.gob.bo/webdocs/nfb/billetes/nfb/img/200000/200_01mir_bs.jpg",
        "Assets":false
      },
      {
        "Caracteristica":"DETALLESARTISTICOS",
        "Detalle":"PERSONAJE",
        "Posicion":"ANVERSO",
        "IdString":"na200Arte3",
        "VerticalBias":630,
        "HorizontalBias":2510,
        "Habilitado":true,
        "Imagen":"na200A3",
        "Gif":false,
        "ImagenUrl":"https://www.bcb.gob.bo/webdocs/nfb/billetes/nfb/img/200000/200_01mir_sb.jpg",
        "Assets":false
      },
      {
        "Caracteristica":"DETALLESARTISTICOS",
        "Detalle":"OBJETOS",
        "Posicion":"ANVERSO",
        "IdString":"na200Arte4",
        "VerticalBias":500,
        "HorizontalBias":1300,
        "Habilitado":true,
        "Imagen":"na200A4",
        "Gif":false,
        "ImagenUrl":"https://www.bcb.gob.bo/webdocs/nfb/billetes/nfb/img/200000/200_05mir_cl.jpg",
        "Assets":false
      },
      {
        "Caracteristica":"MIRE",
        "Detalle":"MOTIVOCOINCIDENTE",
        "Posicion":"REVERSO",
        "IdString":"nr200Mire1",
        "VerticalBias":670,
        "HorizontalBias":90,
        "Habilitado":true,
        "Imagen":"nr200M1",
        "Gif":false,
        "ImagenUrl":"https://www.bcb.gob.bo/webdocs/nfb/billetes/nfb/img/200000/200_04mir_icon.jpg",
        "Assets":false
      },
      {
        "Caracteristica":"MIRE",
        "Detalle":"MOTIVOCOINCIDENTE",
        "Posicion":"REVERSO",
        "IdString":"nr200Mire1",
        "VerticalBias":660,
        "HorizontalBias":2710,
        "Habilitado":true,
        "Imagen":"nr200M1",
        "Gif":false,
        "ImagenUrl":"https://www.bcb.gob.bo/webdocs/nfb/billetes/nfb/img/200000/200_04mir_icon.jpg",
        "Assets":false
      },
      {
        "Caracteristica":"MIRE",
        "Detalle":"MOTIVOCOINCIDENTE",
        "Posicion":"REVERSO",
        "IdString":"nr200Mire2",
        "VerticalBias":1235,
        "HorizontalBias":2543,
        "Habilitado":true,
        "Imagen":"nr200M2",
        "Gif":false,
        "ImagenUrl":"assets/imagenes/nr200m2.png",
        "Assets":true
      },
      {
        "Caracteristica":"TOQUE",
        "Detalle":"ALTORELIEVE",
        "Posicion":"REVERSO",
        "IdString":"nr200Toque1",
        "VerticalBias":1170,
        "HorizontalBias":850,
        "Habilitado":true,
        "Imagen":"nr200T1",
        "Gif":false,
        "ImagenUrl":"assets/imagenes/nr200t1.png",
        "Assets":true
      },
      {
        "Caracteristica":"TOQUE",
        "Detalle":"ALTORELIEVE",
        "Posicion":"REVERSO",
        "IdString":"nr200Toque2",
        "VerticalBias":210,
        "HorizontalBias":1240,
        "Habilitado":true,
        "Imagen":"nr200T2",
        "Gif":false,
        "ImagenUrl":"assets/imagenes/nr200t2.png",
        "Assets":true
      },
      {
        "Caracteristica":"TOQUE",
        "Detalle":"ALTORELIEVE",
        "Posicion":"REVERSO",
        "IdString":"nr200Toque3",
        "VerticalBias":100,
        "HorizontalBias":2080,
        "Habilitado":true,
        "Imagen":"nr200T3",
        "Gif":false,
        "ImagenUrl":"assets/imagenes/nr200t3.png",
        "Assets":true
      },
      {
        "Caracteristica":"INCLINE",
        "Detalle":"CAMBIODECOLORYMOVIMIENTO",
        "Posicion":"REVERSO",
        "IdString":"nr200Incline1",
        "VerticalBias":530,
        "HorizontalBias":425,
        "Habilitado":true,
        "Imagen":"nr200i1;nr200i2;nr200i3;nr200i4;nr200i5;nr200i6;nr200i7",
        "Gif":true,
        "GifHorientacion":"VERTICAL",
        "ImagenUrl":"https://www.bcb.gob.bo/webdocs/nfb/billetes/nfb/img/200000/200_04inc_cam_col.gif",
        "Assets":false
      },
      {
        "Caracteristica":"MIREUV",
        "Detalle":"FLUORESCENCIA",
        "Posicion":"REVERSO",
        "IdString":"nr200Mireuv1",
        "VerticalBias":830,
        "HorizontalBias":1600,
        "Habilitado":true,
        "Imagen":"nr200UV1",
        "Gif":false,
        "ImagenUrl":"https://www.bcb.gob.bo/webdocs/nfb/billetes/nfb/img/200000/200_01kantutauv_rev.jpg",
        "Assets":false
      },
      {
        "Caracteristica":"DETALLESARTISTICOS",
        "Detalle":"AGRUPACION",
        "Posicion":"REVERSO",
        "IdString":"nr200Arte1",
        "VerticalBias":730,
        "HorizontalBias":820,
        "Habilitado":true,
        "Imagen":"nr200A1",
        "Gif":false,
        "ImagenUrl":"https://www.bcb.gob.bo/webdocs/nfb/billetes/nfb/img/200000/200_04mir_tw.jpg",
        "Assets":false
      },
      {
        "Caracteristica":"DETALLESARTISTICOS",
        "Detalle":"CIUDAD",
        "Posicion":"REVERSO",
        "IdString":"nr200Arte2",
        "VerticalBias":1000,
        "HorizontalBias":1430,
        "Habilitado":true,
        "Imagen":"nr200A2",
        "Gif":false,
        "ImagenUrl":"https://www.bcb.gob.bo/webdocs/nfb/billetes/nfb/img/200000/200_07mir_ga.jpg",
        "Assets":false
      },
      {
        "Caracteristica":"DETALLESARTISTICOS",
        "Detalle":"CIUDAD",
        "Posicion":"REVERSO",
        "IdString":"nr200Arte3",
        "VerticalBias":600,
        "HorizontalBias":1700,
        "Habilitado":true,
        "Imagen":"nr200A3",
        "Gif":false,
        "ImagenUrl":"https://www.bcb.gob.bo/webdocs/nfb/billetes/nfb/img/200000/200_06mir_pic_kt.jpg",
        "Assets":false
      }
    ]
  }