{
  "Cabecera": "na50",
  "ImagenAnverso": "https://www.bcb.gob.bo/webdocs/nfb/billetes/nfb/img/50000/anvlupa50000.jpg",
  "ImagenReverso": "https://www.bcb.gob.bo/webdocs/nfb/billetes/nfb/img/50000/revlupa50000.jpg",
  "ImagenAnversoUV": "https://www.bcb.gob.bo/webdocs/nfb/billetes/nfb/img/50000/anverso50000_ultrv.jpg",
  "ImagenReversoUV": "https://www.bcb.gob.bo/webdocs/nfb/billetes/nfb/img/50000/reverso50000_ultrv.jpg",
  "AssetsAnverso": false,
  "AssetsReverso": false,
  "AssetsAnversoUV": false,
  "AssetsReversoUV": false,
  "MedidasDeSeguridad": [
    {
      "Caracteristica": "MIRE",
      "Detalle": "MARCADEAGUA",
      "Posicion": "ANVERSO",
      "IdString": "na50Mire1",
      "VerticalBias": 860,
      "HorizontalBias": 450,
      "Habilitado": true,
      "Imagen": "na50M1",
      "Gif": false,
      "ImagenUrl": "https://www.bcb.gob.bo/webdocs/nfb/billetes/nfb/img/50000/50_01mir_mag.jpg",
      "Assets": false
    },
    {
      "Caracteristica": "MIRE",
      "Detalle": "FIBRILLAS",
      "Posicion": "ANVERSO",
      "IdString": "na50Mire2",
      "VerticalBias": 341,
      "HorizontalBias": 500,
      "Habilitado": true,
      "Imagen": "na50M2",
      "Gif": false,
      "ImagenUrl": "",
      "Assets": true
    },
    {
      "Caracteristica": "MIRE",
      "Detalle": "MOTIVOCOINCIDENTE",
      "Posicion": "ANVERSO",
      "IdString": "na50Mire3",
      "VerticalBias": 1230,
      "HorizontalBias": 270,
      "Habilitado": true,
      "Imagen": "na50M3",
      "Gif": false,
      "ImagenUrl": "https://www.bcb.gob.bo/webdocs/nfb/billetes/nfb/img/50000/50_02mir_mot_coi.jpg",
      "Assets": false
    },
    {
      "Caracteristica": "TOQUE",
      "Detalle": "ALTORELIEVE",
      "Posicion": "ANVERSO",
      "IdString": "na50Toque1",
      "VerticalBias": 285,
      "HorizontalBias": 365,
      "Habilitado": true,
      "Imagen": "na50T1",
      "Gif": false,
      "ImagenUrl": "https://www.bcb.gob.bo/webdocs/nfb/billetes/nfb/img/50000/50_03toq_alt_rel.jpg",
      "Assets": false
    },
    {
      "Caracteristica": "TOQUE",
      "Detalle": "ALTORELIEVE",
      "Posicion": "ANVERSO",
      "IdString": "na50Toque2",
      "VerticalBias": 165,
      "HorizontalBias": 1240,
      "Habilitado": true,
      "Imagen": "na50T2",
      "Gif": false,
      "ImagenUrl": "https://www.bcb.gob.bo/webdocs/nfb/billetes/nfb/img/50000/50_02toq_imp_alt.jpg",
      "Assets": false
    },
    {
      "Caracteristica": "TOQUE",
      "Detalle": "ALTORELIEVE",
      "Posicion": "ANVERSO",
      "IdString": "na50Toque3",
      "VerticalBias": 900,
      "HorizontalBias": 100,
      "Habilitado": true,
      "Imagen": "na50T3",
      "Gif": false,
      "ImagenUrl": "",
      "Assets": true
    },
    {
      "Caracteristica": "TOQUE",
      "Detalle": "ALTORELIEVE",
      "Posicion": "ANVERSO",
      "IdString": "na50Toque4",
      "VerticalBias": 850,
      "HorizontalBias": 2300,
      "Habilitado": true,
      "Imagen": "na50T4",
      "Gif": false,
      "ImagenUrl": "",
      "Assets": true
    },
    {
      "Caracteristica": "TOQUE",
      "Detalle": "ALTORELIEVE",
      "Posicion": "ANVERSO",
      "IdString": "na50Toque5",
      "VerticalBias": 750,
      "HorizontalBias": 600,
      "Habilitado": true,
      "Imagen": "na50T5",
      "Gif": false,
      "ImagenUrl": "https://www.bcb.gob.bo/webdocs/nfb/billetes/nfb/img/50000/50_03mir_fib.jpg",
      "Assets": false
    },
    {
      "Caracteristica": "INCLINE",
      "Detalle": "IMAGENLATENTE",
      "Posicion": "ANVERSO",
      "IdString": "na50Incline1",
      "VerticalBias": 1250,
      "HorizontalBias": 2000,
      "Habilitado": true,
      "Imagen": "na50I11;na50I19;na50I19;na50I11",
      "Gif": true,
      "GifHorientacion": "VERTICAL",
      "ImagenUrl": "https://www.bcb.gob.bo/webdocs/nfb/billetes/nfb/img/50000/50_03inc_img_lat.gif",
      "Assets": false
    },
    {
      "Caracteristica": "INCLINE",
      "Detalle": "HILODESEGURIDAD",
      "Posicion": "ANVERSO",
      "IdString": "na50Incline2",
      "VerticalBias": 500,
      "HorizontalBias": 1055,
      "Habilitado": true,
      "Imagen": "na50I21;na50I30;na50I30;na50I21",
      "Gif": true,
      "GifHorientacion": "VERTICAL",
      "ImagenUrl": "https://www.bcb.gob.bo/webdocs/nfb/billetes/nfb/img/50000/hilo_seguridad.gif",
      "Assets": false
    },
    {
      "Caracteristica": "MIREUV",
      "Detalle": "FLUORESCENCIA",
      "Posicion": "ANVERSO",
      "IdString": "na50Mireuv1",
      "VerticalBias": 670,
      "HorizontalBias": 670,
      "Habilitado": true,
      "Imagen": "na50UV1",
      "Gif": false,
      "ImagenUrl": "",
      "Assets": true
    },
    {
      "Caracteristica": "DETALLESARTISTICOS",
      "Detalle": "PERSONAJE",
      "Posicion": "ANVERSO",
      "IdString": "na50Arte1",
      "VerticalBias": 865,
      "HorizontalBias": 1920,
      "Habilitado": true,
      "Imagen": "na50A1",
      "Gif": false,
      "ImagenUrl": "https://www.bcb.gob.bo/webdocs/nfb/billetes/nfb/img/50000/50_01mir_jmv.png",
      "Assets": false
    },
    {
      "Caracteristica": "DETALLESARTISTICOS",
      "Detalle": "PERSONAJE",
      "Posicion": "ANVERSO",
      "IdString": "na50Arte2",
      "VerticalBias": 705,
      "HorizontalBias": 2195,
      "Habilitado": true,
      "Imagen": "na50A2",
      "Gif": false,
      "ImagenUrl": "https://www.bcb.gob.bo/webdocs/nfb/billetes/nfb/img/50000/50_01mir_br.png",
      "Assets": false
    },
    {
      "Caracteristica": "DETALLESARTISTICOS",
      "Detalle": "PERSONAJE",
      "Posicion": "ANVERSO",
      "IdString": "na50Arte3",
      "VerticalBias": 630,
      "HorizontalBias": 2510,
      "Habilitado": true,
      "Imagen": "na50A3",
      "Gif": false,
      "ImagenUrl": "https://www.bcb.gob.bo/webdocs/nfb/billetes/nfb/img/50000/50_03mir_pzw.png",
      "Assets": false
    },
    {
      "Caracteristica": "DETALLESARTISTICOS",
      "Detalle": "OBJETOS",
      "Posicion": "ANVERSO",
      "IdString": "na50Arte4",
      "VerticalBias": 500,
      "HorizontalBias": 1300,
      "Habilitado": true,
      "Imagen": "na50A4",
      "Gif": false,
      "ImagenUrl": "https://www.bcb.gob.bo/webdocs/nfb/billetes/nfb/img/50000/50_05mir_fi.jpg",
      "Assets": false
    },
    {
      "Caracteristica": "MIRE",
      "Detalle": "MOTIVOCOINCIDENTE",
      "Posicion": "REVERSO",
      "IdString": "nr50Mire1",
      "VerticalBias": 670,
      "HorizontalBias": 90,
      "Habilitado": true,
      "Imagen": "nr50M1",
      "Gif": false,
      "ImagenUrl": "https://www.bcb.gob.bo/webdocs/nfb/billetes/nfb/img/50000/50_04mir_icon.jpg",
      "Assets": false
    },
    {
      "Caracteristica": "MIRE",
      "Detalle": "MOTIVOCOINCIDENTE",
      "Posicion": "REVERSO",
      "IdString": "nr50Mire1",
      "VerticalBias": 660,
      "HorizontalBias": 2710,
      "Habilitado": true,
      "Imagen": "nr50M1",
      "Gif": false,
      "ImagenUrl": "https://www.bcb.gob.bo/webdocs/nfb/billetes/nfb/img/50000/50_04mir_icon.jpg",
      "Assets": false
    },
    {
      "Caracteristica": "MIRE",
      "Detalle": "MOTIVOCOINCIDENTE",
      "Posicion": "REVERSO",
      "IdString": "nr50Mire2",
      "VerticalBias": 1235,
      "HorizontalBias": 2543,
      "Habilitado": true,
      "Imagen": "nr50M2",
      "Gif": false,
      "ImagenUrl": "",
      "Assets": true
    },
    {
      "Caracteristica": "TOQUE",
      "Detalle": "ALTORELIEVE",
      "Posicion": "REVERSO",
      "IdString": "nr50Toque1",
      "VerticalBias": 1170,
      "HorizontalBias": 850,
      "Habilitado": true,
      "Imagen": "nr50T1",
      "Gif": false,
      "ImagenUrl": "",
      "Assets": true
    },
    {
      "Caracteristica": "TOQUE",
      "Detalle": "ALTORELIEVE",
      "Posicion": "REVERSO",
      "IdString": "nr50Toque2",
      "VerticalBias": 210,
      "HorizontalBias": 1240,
      "Habilitado": true,
      "Imagen": "nr50T2",
      "Gif": false,
      "ImagenUrl": "",
      "Assets": true
    },
    {
      "Caracteristica": "TOQUE",
      "Detalle": "ALTORELIEVE",
      "Posicion": "REVERSO",
      "IdString": "nr50Toque3",
      "VerticalBias": 100,
      "HorizontalBias": 2080,
      "Habilitado": true,
      "Imagen": "nr50T3",
      "Gif": false,
      "ImagenUrl": "",
      "Assets": true
    },
    {
      "Caracteristica": "INCLINE",
      "Detalle": "CAMBIODECOLORYMOVIMIENTO",
      "Posicion": "REVERSO",
      "IdString": "nr50Incline1",
      "VerticalBias": 530,
      "HorizontalBias": 425,
      "Habilitado": true,
      "Imagen": "nr50i1;nr50i2;nr50i7;nr50i8",
      "Gif": true,
      "GifHorientacion": "VERTICAL",
      "ImagenUrl": "https://www.bcb.gob.bo/webdocs/nfb/billetes/nfb/img/50000/50_04inc_cam_col.gif",
      "Assets": false
    },
    {
      "Caracteristica": "MIREUV",
      "Detalle": "FLUORESCENCIA",
      "Posicion": "REVERSO",
      "IdString": "nr50Mireuv1",
      "VerticalBias": 830,
      "HorizontalBias": 1600,
      "Habilitado": true,
      "Imagen": "nr50UV1",
      "Gif": false,
      "ImagenUrl": "",
      "Assets": true
    },
    {
      "Caracteristica": "DETALLESARTISTICOS",
      "Detalle": "AGRUPACION",
      "Posicion": "REVERSO",
      "IdString": "nr50Arte1",
      "VerticalBias": 730,
      "HorizontalBias": 700,
      "Habilitado": true,
      "Imagen": "nr50A1",
      "Gif": false,
      "ImagenUrl": "https://www.bcb.gob.bo/webdocs/nfb/billetes/nfb/img/50000/50_04mir_ns.jpg",
      "Assets": false
    },
    {
      "Caracteristica": "DETALLESARTISTICOS",
      "Detalle": "CIUDAD",
      "Posicion": "REVERSO",
      "IdString": "nr50Arte2",
      "VerticalBias": 1000,
      "HorizontalBias": 1430,
      "Habilitado": true,
      "Imagen": "nr50A2",
      "Gif": false,
      "ImagenUrl": "https://www.bcb.gob.bo/webdocs/nfb/billetes/nfb/img/50000/50_07mir_fa.jpg",
      "Assets": false
    },
    {
      "Caracteristica": "DETALLESARTISTICOS",
      "Detalle": "CIUDAD",
      "Posicion": "REVERSO",
      "IdString": "nr50Arte3",
      "VerticalBias": 600,
      "HorizontalBias": 1700,
      "Habilitado": true,
      "Imagen": "nr50A3",
      "Gif": false,
      "ImagenUrl": "https://www.bcb.gob.bo/webdocs/nfb/billetes/nfb/img/50000/50_06mir_pic_qr.jpg",
      "Assets": false
    }
  ]
}